p_name,ID,default,Link
aas_harley,1863287493886606,https://www.facebook.com/,https://www.facebook.com/1863287493886606
aas_metro,1560107310971549,https://www.facebook.com/,https://www.facebook.com/1560107310971549
fit_auto,145381189378456,https://www.facebook.com/,https://www.facebook.com/145381189378456
the_matter,1721313428084052,https://www.facebook.com/,https://www.facebook.com/1721313428084052
scg,693096830706780,https://www.facebook.com/,https://www.facebook.com/693096830706780
scg_career,137710369601260,https://www.facebook.com/,https://www.facebook.com/137710369601260